Adams,Eastern Corn Belt Plains
Allen,Eastern Corn Belt Plains
Bartholomew,Eastern Corn Belt Plains
Benton,Central Corn Belt Plains
Blackford,Eastern Corn Belt Plains
Boone,Eastern Corn Belt Plains
Brown,Interior Plateau
Carroll,Eastern Corn Belt Plains
Cass,Southern Michigan/Northern Indiana Drift Plains
Clark,Eastern Corn Belt Plains
Clay,Interior River Valley and Hills
Clinton,Eastern Corn Belt Plains
Crawford,Interior Plateau
Daviess,Interior River Valley and Hills
Dearborn,Interior Plateau
Decatur,Eastern Corn Belt Plains
DeKalb,Eastern Corn Belt Plains
Delaware,Eastern Corn Belt Plains
Dubois,Interior Plateau
Elkhart,Southern Michigan/Northern Indiana Drift Plains
Fayette,Eastern Corn Belt Plains
Floyd,Interior Plateau
Fountain,Eastern Corn Belt Plains
Franklin,Eastern Corn Belt Plains
Fulton,Southern Michigan/Northern Indiana Drift Plains
Gibson,Interior River Valley and Hills
Grant,Eastern Corn Belt Plains
Greene,Interior River Valley and Hills
Hamilton,Eastern Corn Belt Plains
Hancock,Eastern Corn Belt Plains
Harrison,Interior Plateau
Hendricks,Eastern Corn Belt Plains
Henry,Eastern Corn Belt Plains
Howard,Eastern Corn Belt Plains
Huntington,Eastern Corn Belt Plains
Jackson,Eastern Corn Belt Plains
Jasper,Central Corn Belt Plains
Jay,Eastern Corn Belt Plains
Jefferson,Eastern Corn Belt Plains
Jennings,Eastern Corn Belt Plains
Johnson,Eastern Corn Belt Plains
Knox,Interior River Valley and Hills
Kosciusko,Southern Michigan/Northern Indiana Drift Plains
LaGrange,Southern Michigan/Northern Indiana Drift Plains
Lake,Central Corn Belt Plains
LaPorte,Southern Michigan/Northern Indiana Drift Plains
Lawrence,Interior Plateau
Madison,Eastern Corn Belt Plains
Marion,Eastern Corn Belt Plains
Marshall,Southern Michigan/Northern Indiana Drift Plains
Martin,Interior Plateau
Miami,Eastern Corn Belt Plains
Monroe,Interior Plateau
Montgomery,Eastern Corn Belt Plains
Morgan,Eastern Corn Belt Plains
Newton,Central Corn Belt Plains
Noble,Southern Michigan/Northern Indiana Drift Plains
Ohio,Interior Plateau
Orange,Interior Plateau
Owen,Interior Plateau
Parke,Eastern Corn Belt Plains
Perry,Interior Plateau
Pike,Interior River Valley and Hills
Porter,Central Corn Belt Plains
Posey,Interior River Valley and Hills
Pulaski,Central Corn Belt Plains
Putnam,Eastern Corn Belt Plains
Randolph,Eastern Corn Belt Plains
Ripley,Eastern Corn Belt Plains
Rush,Eastern Corn Belt Plains
Scott,Eastern Corn Belt Plains
Shelby,Eastern Corn Belt Plains
Spencer,Interior River Valley and Hills
St. Joseph,Southern Michigan/Northern Indiana Drift Plains
Starke,Central Corn Belt Plains
Steuben,Southern Michigan/Northern Indiana Drift Plains
Sullivan,Interior River Valley and Hills
Switzerland,Interior Plateau
Tippecanoe,Eastern Corn Belt Plains
Tipton,Eastern Corn Belt Plains
Union,Eastern Corn Belt Plains
Vanderburgh,Interior River Valley and Hills
Vermillion,Interior River Valley and Hills
Vigo,Interior River Valley and Hills
Wabash,Eastern Corn Belt Plains
Warren,Central Corn Belt Plains
Warrick,Interior River Valley and Hills
Washington,Interior Plateau
Wayne,Eastern Corn Belt Plains
Wells,Eastern Corn Belt Plains
White,Central Corn Belt Plains
Whitley,Eastern Corn Belt Plains
